shot,rank,media,status,file,title,creator,date,collection,item_id,source_page_url,direct_file_url,licence,commercial_use,derivatives_ok,required_credit,accessed,verify_note
S019A,main,image,CC0_VERIFIED,S019A_main__hayter-marriage-victoria-met-lithograph.jpg,"Marriage of Queen Victoria, February 10, 1840",Charles Eden Wagstaff,1844,The Metropolitan Museum of Art (Open Access),706045,https://www.metmuseum.org/art/collection/search/706045,https://images.metmuseum.org/CRDImages/dp/original/MM78359.jpg,"CC0 1.0 (Met Open Access, isPublicDomain=true)",yes,yes,The Metropolitan Museum of Art (optional),2026-10-08,Wagstaff 1844 lithograph after Hayter; bride detail | proof = Met Open Access API record (isPublicDomain=true); metmuseum.org page not reachable from this network
S036A,main,image,CC0_VERIFIED,S036A_main__ryall-coronation-victoria-1838.jpg,Coronation of Queen Victoria,Henry Thomas Ryall,1842,The Metropolitan Museum of Art (Open Access),770720,https://www.metmuseum.org/art/collection/search/770720,https://images.metmuseum.org/CRDImages/dp/original/DP-15742-001.jpg,"CC0 1.0 (Met Open Access, isPublicDomain=true)",yes,yes,The Metropolitan Museum of Art (optional),2026-10-08,Ryall 1842 print of the coronation; use with GFX 1838 | proof = Met Open Access API record (isPublicDomain=true); metmuseum.org page not reachable from this network
S015A,main,image,CC0_VERIFIED,S015A_main__victoria-sully-1838-fulllength.jpg,Queen Victoria,Thomas Sully,1838,The Metropolitan Museum of Art (Open Access),14826,https://www.metmuseum.org/art/collection/search/14826,https://images.metmuseum.org/CRDImages/ad/original/QV full length.jpg,"CC0 1.0 (Met Open Access, isPublicDomain=true)",yes,yes,The Metropolitan Museum of Art (optional),2026-10-08,Sully 1838 full-length; young Victoria | proof = Met Open Access API record (isPublicDomain=true); metmuseum.org page not reachable from this network
S003A,main,image,PUBLIC_DOMAIN_VERIFIED,S003A_main__queen-mary-bain-1920s.tif,Queen Mary,Bain News Service,[between ca. 1920 and ca. 1925],"Library of Congress, Prints & Photographs",LC-DIG-ggbain-32481 (digital file from original negative),https://www.loc.gov/pictures/item/2014712634/,https://cdn.loc.gov/master/pnp/ggbain/32400/32481u.tif,No known restrictions on publication (LOC),yes,yes,"Library of Congress, Prints & Photographs Division (courtesy)",2026-10-08,"Checked visually: diamond tiara, which tiara unidentified; fine for S003A (any tiara), not for named-tiara shots. | No known restrictions on publication. For more information, see George Grantham Bain Collection - Ri"
S003A,alt1,image,PUBLIC_DOMAIN_VERIFIED,S003A_alt1__queen-mary-bain-1915-20.tif,Queen Mary,Bain News Service,[between ca. 1915 and ca. 1920],"Library of Congress, Prints & Photographs",LC-DIG-ggbain-31282 (digital file from original negative),https://www.loc.gov/pictures/item/2014711437/,https://cdn.loc.gov/master/pnp/ggbain/31200/31282u.tif,No known restrictions on publication (LOC),yes,yes,"Library of Congress, Prints & Photographs Division (courtesy)",2026-10-08,"Checked visually: tiara has floral/fleur spikes - NOT a Kokoshnik, NOT Lover's Knot, NOT Fringe; do not use for S096A/S137A/S222A. Generic Queen Mary in tiara + Garter star. | No known restrictions on publication. For more information, see George Grantham Bain Collection - Ri"
S038A,main,image,CC0_VERIFIED,S038A_main__queen-charlotte-gainsborough.jpg,Queen Charlotte,Thomas Gainsborough,,The Metropolitan Museum of Art (Open Access),436432,https://www.metmuseum.org/art/collection/search/436432,https://images.metmuseum.org/CRDImages/ep/original/DP162155.jpg,"CC0 1.0 (Met Open Access, isPublicDomain=true)",yes,yes,The Metropolitan Museum of Art (optional),2026-10-08,Gainsborough portrait of Queen Charlotte; fits S038A. | proof = Met API record
S049A,main,image,CC0_VERIFIED,S049A_main__koh-i-noor-garrard-drawing-1851.jpg,"Drawing of the ""Koh-I-Noor Diamond""",R. S. Garrard & Co.,1851,The Metropolitan Museum of Art (Open Access),363608,https://www.metmuseum.org/art/collection/search/363608,https://images.metmuseum.org/CRDImages/dp/original/DP804282.jpg,"CC0 1.0 (Met Open Access, isPublicDomain=true)",yes,yes,The Metropolitan Museum of Art (optional),2026-10-08,"Garrard 1851 drawing of the Koh-i-Noor (cut state), not a 19th-c engraving of Indian setting; fits Koh-i-Noor beat generally. | proof = Met API record"
S046A,main,image,CC0_VERIFIED,S046A_main__garter-badge-18th-c-met.jpg,Badge of the Order of the Garter,,18th century,The Metropolitan Museum of Art (Open Access),193677,https://www.metmuseum.org/art/collection/search/193677,https://images.metmuseum.org/CRDImages/es/original/DP-35240-001.jpg,"CC0 1.0 (Met Open Access, isPublicDomain=true)",yes,yes,The Metropolitan Museum of Art (optional),2026-10-08,"Checked visually: gold Lesser George badge with Garter motto, 18th c. Generic Order of the Garter illustration, NOT one of Victoria's own badges. Acceptable for ""Garter badges"" beat only as generic. | proof = Met API record"
S026A,main,image,CC0_VERIFIED,S026A_main__albert-remembrance-print-1862.jpg,In Remembrance of... Prince Albert,Ignace-François Bonhommé,1862,The Metropolitan Museum of Art (Open Access),915550,https://www.metmuseum.org/art/collection/search/915550,https://images.metmuseum.org/CRDImages/dp/original/DP-36283-001.jpg,"CC0 1.0 (Met Open Access, isPublicDomain=true)",yes,yes,The Metropolitan Museum of Art (optional),2026-10-08,"Checked visually: allegorical memorial print to Albert (1862), Crystal Palace background; fits Albert death 1861 / mourning. | proof = Met API record"
S065B,main,image,CC0_VERIFIED,S065B_main__wedding-gift-pearl-diamond-parure-1863.jpg,"A Memorial of the Marriage of H.R.H. Albert Edward Prince of Wales and H.R.H. Alexandra, Princess of Denmark",Sir William Howard Russell,1863,The Metropolitan Museum of Art (Open Access),356573,https://www.metmuseum.org/art/collection/search/356573,https://images.metmuseum.org/CRDImages/dp/original/P-15585-002.jpg,"CC0 1.0 (Met Open Access, isPublicDomain=true)",yes,yes,The Metropolitan Museum of Art (optional),2026-10-08,"Checked visually: plate ""Parure of Diamonds and Pearls - the gift of H.R.H. The Prince of Wales"" (tiara, necklace, brooch, earrings). A wedding present, but NOT the Dagmar Necklace (that was from Frederik VII) - do not use on S067A/S068A. Does not show the wedding itself (S064A still open). | proof = Met API record"
