shot,in_out,narrator,need,state,main_file,main_status,main_note,alt1_file,alt2_file,extra_files
S001A,00:00.00–00:02.37,Some of the finest jewels Queen Elizabeth the Second ever wore did not come from,"**[JEWEL]** Queen Elizabeth II in a tiara and jewels, any rights-clear photo 1950s–2010s (NOT Fringe Tiara, NOT 1953 coronation portrait)",HAS_FILE,S001A_main__state-dinner-bush-1991-nara.jpg,PUBLIC_DOMAIN_VERIFIED,"IMAGE NOT DOWNLOADED (upload.wikimedia.org rate-limits this environment) - run fetch_pending.py; JEWEL VERIFY: which tiara/jewels; not Fringe, not Beaton [2922x1926]",S001A_alt1__state-dinner-bush-1991-alt.jpg,S001A_alt2__queen-wearing-sapphires.tif,
S002A,00:04.74–00:07.29,kings. One pair of earrings had belonged to a brewer's daughter.,"Margaret Greville portrait (Carolus-Duran 1891, National Trust, PD)",HAS_FILE,S002A_main__greville-carolus-duran-1891.jpg,PUBLIC_DOMAIN_VERIFIED,IMAGE NOT DOWNLOADED (upload.wikimedia.org rate-limits this environment) - run fetch_pending.py; low res 577x1200; look for bigger [577x1200],,,
S002B,00:07.29–00:09.84,kings. One pair of earrings had belonged to a brewer's daughter.,William McEwan portrait or McEwan's brewery / 19th-c. Edinburgh brewery engraving,HAS_FILE,S002B_main__william-mcewan-vanity-fair-1902.jpg,PUBLIC_DOMAIN_VERIFIED,IMAGE NOT DOWNLOADED (upload.wikimedia.org rate-limits this environment) - run fetch_pending.py; low res 317x512 [317x512],,,
S003A,00:09.84–00:13.84,"A tiara was sold to her grandmother by a Russian grand duchess's daughter,","Queen Mary portrait in a tiara (LOC Bain / PD, c.1910s–1920s)",HAS_FILE,S003A_main__queen-mary-bain-1920s.tif,PUBLIC_DOMAIN_VERIFIED,"Checked visually: diamond tiara, which tiara unidentified; fine for S003A (any tiara), not for named-tiara shots. | No known restrictions on publication. For more information, see George Grantham Bain Collection - Ri",S003A_alt1__queen-mary-bain-1915-20.tif,,
S004A,00:13.84–00:17.04,four years after the revolution.,"Russian Revolution 1917 street photo, Petrograd (PD)",HAS_FILE,S004A_main__petrograd-nevsky-riot-1917.jpg,PUBLIC_DOMAIN_VERIFIED, [1828x1188],,,
S005A,00:17.04–00:19.75,Only two came with the Crown. The rest came the way jewels come in any family:,**[JEWEL]** Imperial State Crown / Crown regalia PD image (Tower of London regalia engraving or PD photo),HAS_FILE,S005A_main__imperial-state-crown.jpg,PUBLIC_DOMAIN_VERIFIED,Crown regalia photo; check visually [1100x1038],S005A_alt1__imperial-state-crown-alt.jpg,S005A_alt2__crown-side-view.jpg,
S007A,00:25.54–00:29.24,"A brooch given the day before a wedding, 1840.","Hayter ""Marriage of Queen Victoria"" 1840 (Met CC0 engraving) + GFX date 1840",HAS_FILE,S007A_main__wagstaff-hayter-lithograph-1840.jpg,PUBLIC_DOMAIN_VERIFIED,IMAGE NOT DOWNLOADED (upload.wikimedia.org rate-limits this environment) - run fetch_pending.py; [1078x854],,,
S009A,00:34.54–00:37.29,"1947. A gift from three hundred and sixty-five women,","Alexandra, Princess of Wales, photo c.1888 (PD)",HAS_FILE,S009A_main__alexandra-prince-princess-wales-1888.jpg,PUBLIC_DOMAIN_VERIFIED,IMAGE NOT DOWNLOADED (upload.wikimedia.org rate-limits this environment) - run fetch_pending.py; British Museum item; check PD basis in proof [1154x1600],,,
S015A,01:04.28–01:06.95,"The first woman to wear it was Queen Victoria, and she wore it to her own wedding.","young Queen Victoria portrait c.1840 (PD, e.g. Winterhalter/Partridge)",HAS_FILE,S015A_main__victoria-sully-1838-fulllength.jpg,CC0_VERIFIED,Sully 1838 full-length; young Victoria | proof = Met Open Access API record (isPublicDomain=true); metmuseum.org page not reachable from this network,,,
S015B,01:06.95–01:09.62,"The first woman to wear it was Queen Victoria, and she wore it to her own wedding.",Hayter wedding painting detail,HAS_FILE,S015B_main__hayter-marriage-victoria-detail.jpg,PUBLIC_DOMAIN_VERIFIED,"IMAGE NOT DOWNLOADED (upload.wikimedia.org rate-limits this environment) - run fetch_pending.py; PD painting; photo credited to Royal Collection on Commons, file tagged public domain; check PD-Art wording in proof [2000x1422]",,,
S017A,01:14.02–01:18.60,Albert gave her this brooch: a sapphire set with diamonds.,"**[JEWEL]** Albert's sapphire brooch — rights-clear photo of Elizabeth II wearing it (Commons ""Elizabeth_II_2012"" CC BY 2.0 candidate, verify brooch) ; fallback AI close-up of a large oval sapphire with diamond surround on velvet (non-distorting, generic)",HAS_FILE,S017A_main__elizabeth-sapphire-brooch-fco-2012.jpg,CC_BY_VERIFIED,IMAGE NOT DOWNLOADED (upload.wikimedia.org rate-limits this environment) - run fetch_pending.py; JEWEL VERIFY brooch visually (Commons category on sibling file says Albert's Sapphire Brooch) [2808x1872],,,
S019A,01:23.06–01:25.48,and worn on the wedding day itself.,"Hayter ""Marriage of Queen Victoria"" detail of the bride (Met CC0)",HAS_FILE,S019A_main__hayter-marriage-victoria-met-lithograph.jpg,CC0_VERIFIED,Wagstaff 1844 lithograph after Hayter; bride detail | proof = Met Open Access API record (isPublicDomain=true); metmuseum.org page not reachable from this network,,,
S020A,01:25.48–01:28.18,We don't have to guess whether she wore it.,Queen Victoria's journal page facsimile (PD; Commons/archive.org),NOT_FOUND,,NOT FOUND,"No facsimile of Victoria's 10 Feb 1840 journal page found with clear rights. Lead: archive.org 'girlhoodofqueenv01victuoft' (1912, NOT_IN_COPYRIGHT) - printed text pages of the diaries; RCT facsimile not allowed.",,,
S021A,01:28.18–01:30.53,"She wrote it down. In her journal for February tenth, describing what she wore",Victoria writing / Victoria at desk engraving (PD),NOT_FOUND,,NOT FOUND,No clear-rights 'Victoria writing' image found. Lead: Commons category 'Queen Victoria' paintings (e.g. Victoria at desk by Sir George Hayter / Tuxen) - search Commons 'Queen Victoria writing'.,,,
S021B,01:30.53–01:32.88,"She wrote it down. In her journal for February tenth, describing what she wore",journal page close-up,NOT_FOUND,,NOT FOUND,Close-up of a journal page: use S028A/S112A style page scans from archive.org ('girlhoodofqueenv01victuoft' pages with diary text) - not yet cut.,,,
S022B,01:35.94–01:39.00,"to marry him, Victoria noted, ""Albert's beautiful sapphire brooch.""","wedding procession engraving 1840 (PD, ILN/Met)",NOT_FOUND,,NOT FOUND,"Lead: archive.org 'A complete narrative of the celebration of the nuptials of Her Most Gracious Majesty Queen Victoria' (PD, 1840) - procession plates; also ILN 1840 on archive.org. Not downloaded.",,,
S024A,01:43.70–01:47.78,"it stayed close to her. In the Royal Collection's words,",Queen Victoria portrait 1840s with brooch at bodice (PD painting),HAS_FILE,S024A_main__winterhalter-victoria-1843.jpg,PUBLIC_DOMAIN_VERIFIED,VERIFY: brooch at bodice not confirmed; PD painting [1231x1500],S024A_alt1__royal-family-1846.jpg,,
S025A,01:47.78–01:51.10,it remained a favorite piece of jewelry.,"Victoria and Albert together, 1840s–50s photo/painting (PD)",HAS_FILE,S025A_main__victoria-albert-1854.jpg,PUBLIC_DOMAIN_VERIFIED,IMAGE NOT DOWNLOADED (upload.wikimedia.org rate-limits this environment) - run fetch_pending.py; [1145x1500],S025A_alt1__victoria-albert-photo-alt.jpg,S025A_alt2__victoria-albert-photo-2.jpg,
S026A,01:51.10–01:53.48,Albert died in 1861. When Victoria settled what would happen to,Albert death 1861 — mourning engraving / Blue Room (PD),HAS_FILE,S026A_main__albert-remembrance-print-1862.jpg,CC0_VERIFIED,"Checked visually: allegorical memorial print to Albert (1862), Crystal Palace background; fits Albert death 1861 / mourning. | proof = Met API record",,,
S026B,01:53.48–01:55.86,Albert died in 1861. When Victoria settled what would happen to,Victoria in widow's weeds photo 1860s (PD),HAS_FILE,S026B_main__victoria-widow-1860s-bm.jpg,PUBLIC_DOMAIN_VERIFIED,IMAGE NOT DOWNLOADED (upload.wikimedia.org rate-limits this environment) - run fetch_pending.py; VERIFY: check visually it shows mourning [2003x2500],,,
S027A,01:55.86–01:59.82,"her jewels, she did not leave this brooch to a person.",older Queen Victoria photo 1880s–90s (PD),HAS_FILE,S027A_main__victoria-indian-servant-1893.jpg,PUBLIC_DOMAIN_VERIFIED,IMAGE NOT DOWNLOADED (upload.wikimedia.org rate-limits this environment) - run fetch_pending.py; older Victoria 1893 [762x559],S027A_alt1__jubilee-garden-party-1887.jpg,,
S028A,01:59.82–02:02.65,A note in the 1912 edition of her journals says she left it to the Crown.,"title page of ""Letters/Journals of Queen Victoria"" 1912 edition (archive.org PD)",HAS_FILE,S028A_main__girlhood-queen-victoria-1912-title.jpg,PUBLIC_DOMAIN_VERIFIED,"CHECKED VISUALLY: title page 'The Girlhood of Queen Victoria ... diaries 1832-1840, ed. Viscount Esher, John Murray 1912', vol. I",,,
S029A,02:05.48–02:08.94,That meant it would belong to whoever was sovereign.,Imperial State Crown / regalia PD image,HAS_FILE,S029A_main__imperial-state-crown-victoria-1904.jpg,PUBLIC_DOMAIN_VERIFIED,IMAGE NOT DOWNLOADED (upload.wikimedia.org rate-limits this environment) - run fetch_pending.py; Victoria's crown 1904 publication [1805x2257],,,
S030A,02:08.94–02:12.78,"In February 1952, that became Elizabeth.","Elizabeth II accession 1952 — rights-clear photo or newspaper front page Feb 1952 (PD check) ; GFX ""February 1952""",HAS_FILE,S030A_main__elizabeth-ii-1952.jpg,PUBLIC_DOMAIN_VERIFIED,IMAGE NOT DOWNLOADED (upload.wikimedia.org rate-limits this environment) - run fetch_pending.py; Dec 1952; confirm basis of PD [980x655],,,
S031A,02:12.78–02:15.66,"She inherited this brooch not from a grandmother, but with the Crown itself,","**[JEWEL]** Elizabeth II wearing the sapphire brooch (same source as beat 17, different crop)",HAS_FILE,S031A_main__elizabeth-sapphire-brooch-cropped.jpg,CC_BY_VERIFIED,IMAGE NOT DOWNLOADED (upload.wikimedia.org rate-limits this environment) - run fetch_pending.py; JEWEL VERIFY brooch; crop of same event as S017A [1498x1872],,,
S033A,02:22.28–02:25.18,Victoria's first jewel on this list came to her through love.,Victoria & Albert portrait (PD) warm grade,HAS_FILE,S033A_main__albert-winterhalter-1842.jpg,PUBLIC_DOMAIN_VERIFIED,Albert portrait; Victoria portrait is the alt [1103x1500],S033A_alt1__victoria-1843-portrait.jpg,,
S036A,02:33.24–02:38.16,Its name suggests Victoria wore it when she was crowned in 1838.,"Victoria's coronation 1838 painting (Hayter coronation, PD) + GFX 1838",HAS_FILE,S036A_main__ryall-coronation-victoria-1838.jpg,CC0_VERIFIED,Ryall 1842 print of the coronation; use with GFX 1838 | proof = Met Open Access API record (isPublicDomain=true); metmuseum.org page not reachable from this network,S036A_alt1__pistrucci-coronation-medal-1838.jpg,S036A_alt2__pistrucci-coronation-medal-1838-b.jpg,
S038A,02:41.40–02:45.10,Some of Victoria's jewels had once belonged to Queen Charlotte.,"Queen Charlotte portrait (Gainsborough/Ramsay, PD)",HAS_FILE,S038A_main__queen-charlotte-gainsborough.jpg,CC0_VERIFIED,Gainsborough portrait of Queen Charlotte; fits S038A. | proof = Met API record,,,
S039A,02:45.10–02:47.47,"The King of Hanover claimed them as his. A commission investigated the claim,","Ernest Augustus, King of Hanover portrait (PD)",HAS_FILE,S039A_main__ernest-augustus-hanover.jpg,PUBLIC_DOMAIN_VERIFIED,IMAGE NOT DOWNLOADED (upload.wikimedia.org rate-limits this environment) - run fetch_pending.py; portrait [1658x2000],S039A_alt1__ernest-augustus-hanover-alt.png,,
S041A,02:54.54–02:58.06,"great dismay, it ruled against her.","Victoria portrait 1850s (PD), slow push",HAS_FILE,S041A_main__victoria-bm-1863.jpg,PUBLIC_DOMAIN_VERIFIED,IMAGE NOT DOWNLOADED (upload.wikimedia.org rate-limits this environment) - run fetch_pending.py; dated 1863 not 1850s; British Museum print [722x1000],,,
S044A,03:10.32–03:15.16,"To replace Charlotte's necklace, Garrard made a new one in 1858,","Garrard / 19th-c. jeweller's shop engraving (PD) + GFX ""Garrard 1858""",HAS_FILE,S044A_main__garrard-pilgrim-bottle-1869.jpg,CC0_VERIFIED,"VERIFY MEANING: Garrard-made silver (Robert Garrard II, 1869); NOT a shop image - no PD Garrard shop picture found",,,
S046A,03:19.88–03:24.36,two of Victoria's Garter badges and a sword hilt.,Order of the Garter badge/star 19th c. (Met/V&A CC0 if available) ; sword hilt with diamonds PD museum image,HAS_FILE,S046A_main__garter-badge-18th-c-met.jpg,CC0_VERIFIED,"Checked visually: gold Lesser George badge with Garter motto, 18th c. Generic Order of the Garter illustration, NOT one of Victoria's own badges. Acceptable for ""Garter badges"" beat only as generic. | proof = Met API record",,,
S048A,03:28.24–03:33.66,"From the center hangs the Lahore Diamond, twenty-two point four eight carats.","**[JEWEL]** Coronation Necklace pendant — Elizabeth II wearing it (Commons ""Queen_Elizabeth_II_1963"" CC BY 2.0 candidate, verify) + GFX ""Lahore Diamond 22.48 ct""",HAS_FILE,S048A_main__elizabeth-1963.jpg,CC_BY_VERIFIED,IMAGE NOT DOWNLOADED (upload.wikimedia.org rate-limits this environment) - run fetch_pending.py; JEWEL VERIFY Coronation Necklace/Lahore pendant [2280x3153],,,
S049A,03:33.66–03:36.47,The matching earrings were made from stones that once sat beside the Koh-i-Noor in its Indian setting.,Koh-i-Noor 19th-c. engraving (PD),HAS_FILE,S049A_main__koh-i-noor-garrard-drawing-1851.jpg,CC0_VERIFIED,"Garrard 1851 drawing of the Koh-i-Noor (cut state), not a 19th-c engraving of Indian setting; fits Koh-i-Noor beat generally. | proof = Met API record",,,
S049B,03:36.47–03:39.28,The matching earrings were made from stones that once sat beside the Koh-i-Noor in its Indian setting.,"Ranjit Singh / Lahore court painting (PD, Met/V&A CC0)",HAS_FILE,S049B_main__ranjit-singh-lahore-court.jpg,PUBLIC_DOMAIN_VERIFIED,IMAGE NOT DOWNLOADED (upload.wikimedia.org rate-limits this environment) - run fetch_pending.py; Lahore court painting c1830 [2048x2466],S049B_alt1__ranjit-singh-ivory-1900.jpg,,
S051A,03:43.84–03:48.20,"Victoria was slightly under five feet tall. In her long widowhood,",Victoria photo full figure 1860s–80s (PD) showing small stature,HAS_FILE,S051A_main__victoria-mayall-1860s.jpg,PUBLIC_DOMAIN_VERIFIED,IMAGE NOT DOWNLOADED (upload.wikimedia.org rate-limits this environment) - run fetch_pending.py; full figure? check stature [1148x1662],,,
S052A,03:48.20–03:52.92,this necklace was among the relatively few jewels she allowed herself to wear.,"Victoria in widowhood with necklace, photo 1880s–90s (PD)",HAS_FILE,S052A_main__victoria-trade-card-1880-1900.jpg,CC0_VERIFIED,"VERIFY: trade card print with Victoria portrait, ca.1880-1900; not a studio photograph; check necklace visible",,,
S053A,03:52.92–03:57.76,"In 1859, Franz Xaver Winterhalter painted her in this necklace and","Winterhalter 1859 portrait of Victoria (Parliamentary Art Collection, PD) full",HAS_FILE,S053A_main__winterhalter-victoria-1859.jpg,PUBLIC_DOMAIN_VERIFIED,IMAGE NOT DOWNLOADED (upload.wikimedia.org rate-limits this environment) - run fetch_pending.py; [1463x2250],,,
S054A,03:57.76–04:01.80,"these earrings. The earrings end in two diamond drops,","same Winterhalter, close crop on earrings/necklace",CROP_TO_MAKE,,VERIFY,DERIVED: S053A main (Winterhalter 1859) - crop on earrings/necklace. Cut after the source file is downloaded; different crop for each shot per brief rule.,,,
S056A,04:04.64–04:07.62,"Then it found the purpose its name promises. It was worn at the coronations of nineteen oh two,",coronation of Edward VII 1902 photo (PD),HAS_FILE,S056A_main__coronation-edward-vii-1902.jpg,PUBLIC_DOMAIN_VERIFIED,IMAGE NOT DOWNLOADED (upload.wikimedia.org rate-limits this environment) - run fetch_pending.py; [2250x1329],S056A_alt1__edward-alexandra-coronation-robes.jpg,,
S056B,04:07.62–04:10.60,"Then it found the purpose its name promises. It was worn at the coronations of nineteen oh two,",Queen Alexandra coronation portrait 1902 (PD),HAS_FILE,S056B_main__alexandra-coronation-robes-1902.jpg,PUBLIC_DOMAIN_VERIFIED,IMAGE NOT DOWNLOADED (upload.wikimedia.org rate-limits this environment) - run fetch_pending.py; [984x768],S056B_alt1__alexandra-coronation-attendants.jpg,S056B_alt2__alexandra-coronation-facing.jpg,
S057A,04:10.60–04:13.32,"1911 and 1937. In 1953,",coronation 1911 George V & Mary (PD) ; coronation 1937 photo (check rights),HAS_FILE,S057A_main__coronation-george-v-mary-1911.jpg,PUBLIC_DOMAIN_VERIFIED,IMAGE NOT DOWNLOADED (upload.wikimedia.org rate-limits this environment) - run fetch_pending.py; 1911 [1597x2000],S057A_alt1__coronation-george-v-mary-1911-alt.jpg,S057A_alt2__coronation-1937-newsreel-abbey.mp4,S057A_alt3__coronation-1937-newsreel-coach.mp4
S058A,04:16.04–04:19.98,"Elizabeth wore it at her own. By published accounts,",**[JEWEL]** Elizabeth II 1953 coronation-day image that is rights-clear (NOT Beaton portrait): newsreel still/PD gov photo; fallback GFX + AI abbey interior,HAS_FILE,S058A_main__elizabeth-balcony-coronation-1953.jpg,VERIFY,"Basis: Flickr Commons 'No known copyright restrictions' statement by National Media Museum (photographer Paul Thompson, 1953); NOT an explicit public-domain declaration - Max to accept or reject. JEWEL: check visually what she wears on the balcony. Not the Beaton portrait. | JEWEL VERIFY: licence st",S058A_alt1__abbey-before-coronation-1953.jpg,,
S061A,04:27.86–04:30.28,Victoria lost jewels to a ruling. The next woman on this list received hers as,Victoria portrait (PD) dim → transition,HAS_FILE,S061A_main__winterhalter-victoria-1856.jpg,PUBLIC_DOMAIN_VERIFIED,IMAGE NOT DOWNLOADED (upload.wikimedia.org rate-limits this environment) - run fetch_pending.py; [1564x2000],,,
S061B,04:30.28–04:32.70,Victoria lost jewels to a ruling. The next woman on this list received hers as,Copenhagen 1860s view (PD),HAS_FILE,S061B_main__copenhagen-amalienborg-1860s.jpg,PUBLIC_DOMAIN_VERIFIED,IMAGE NOT DOWNLOADED (upload.wikimedia.org rate-limits this environment) - run fetch_pending.py; Copenhagen 1860s-70s [1100x564],S061B_alt1__amalienborg-christian-viii.jpg,,
S064A,04:38.66–04:43.46,"In 1863, a Danish princess named Alexandra married","wedding of Albert Edward & Alexandra 1863, Frith painting / ILN engraving (PD)",HAS_FILE,S064A_main__st-georges-chapel-wedding-1863.jpg,PUBLIC_DOMAIN_VERIFIED,IMAGE NOT DOWNLOADED (upload.wikimedia.org rate-limits this environment) - run fetch_pending.py; wedding of 10 March 1863 [1427x939],S064A_alt1__wedding-albert-edward-alexandra-1863.jpg,,
S065A,04:43.46–04:45.58,"the Prince of Wales. Among her wedding gifts was this necklace,",Alexandra in wedding dress 1863 photo (PD),HAS_FILE,S065A_main__alexandra-wedding-dress-1863.jpg,PUBLIC_DOMAIN_VERIFIED,IMAGE NOT DOWNLOADED (upload.wikimedia.org rate-limits this environment) - run fetch_pending.py; [2645x3556],S065A_alt1__alexandra-1863-princess.jpg,S065A_alt2__alexandra-wedding-dress-2.jpg,
S065B,04:45.58–04:47.70,"the Prince of Wales. Among her wedding gifts was this necklace,",ILN engraving of wedding presents 1863 if available,HAS_FILE,S065B_main__wedding-gift-pearl-diamond-parure-1863.jpg,CC0_VERIFIED,"Checked visually: plate ""Parure of Diamonds and Pearls - the gift of H.R.H. The Prince of Wales"" (tiara, necklace, brooch, earrings). A wedding present, but NOT the Dagmar Necklace (that was from Frederik VII) - do not use on S067A/S068A. Does not show the wedding itself (S064A still open). | proof ",,,
S066A,04:47.70–04:51.44,from King Frederik the Seventh of Denmark.,King Frederik VII of Denmark portrait (PD),HAS_FILE,S066A_main__frederik-vii-schiott.jpg,PUBLIC_DOMAIN_VERIFIED,IMAGE NOT DOWNLOADED (upload.wikimedia.org rate-limits this environment) - run fetch_pending.py; portrait c1850 [2263x3000],S066A_alt1__frederik-vii-pa00997.jpg,S066A_alt2__frederik-vii-as-prince.jpg,
S067A,04:51.44–04:56.08,It was more than diamonds and pearls. At its center hung a replica of a,"Dagmar Necklace — ILN 1863 engraving or Danish archive drawing (PD); fallback AI diamond-and-pearl necklace with central cross, non-distorting",NOT_FOUND,,NOT FOUND,No ILN 1863 engraving of the Dagmar necklace found. Lead: archive.org Illustrated London News vol. 42 (1863) and Met plate S065B (parure of the Prince of Wales - NOT Dagmar).,,,
S068A,04:56.08–05:00.94,"famous twelfth-century enameled cross, a cross buried with Dagmar,","Dagmar Cross original (National Museum of Denmark, check CC licence)",HAS_FILE,S068A_main__dagmar-cross-facsimile-1863.jpg,VERIFY,"CHECKED VISUALLY: plate showing both sides of the Dagmar Cross (facsimile in gold and colours, 1863). Fits 'a cross buried with Dagmar'. Rights: book published London 1863 (PD by age) but archive.org has no copyright-status flag; Commons also tags it public domain.",,,
S069A,05:00.94–05:03.95,"Queen of Denmark, in twelve twelve. That is where the necklace gets its name.",Ringsted church / Queen Dagmar tomb (Commons CC),HAS_FILE,S069A_main__ringsted-st-bendts.jpg,CC_BY_VERIFIED,IMAGE NOT DOWNLOADED (upload.wikimedia.org rate-limits this environment) - run fetch_pending.py; VERIFY: check what the image shows (royal burials at Ringsted) [500x669],,,
S069B,05:03.95–05:06.96,"Queen of Denmark, in twelve twelve. That is where the necklace gets its name.",Queen Dagmar medieval depiction (PD),HAS_FILE,S069B_main__koenigin-dagmars-tod.jpg,CC_BY_VERIFIED,"IMAGE NOT DOWNLOADED (upload.wikimedia.org rate-limits this environment) - run fetch_pending.py; VERIFY: what it depicts (modern photo, CC BY-SA 4.0 - credit/ShareAlike) [4000x3000]",,,
S070A,05:06.96–05:10.40,King Frederik suggested something stranger still.,Frederik VII portrait alt crop,CROP_TO_MAKE,,VERIFY,"DERIVED: S066A main (Frederik VII, Schiott) - different crop. Cut after the source file is downloaded; different crop for each shot per brief rule.",,,
S072A,05:15.02–05:19.08,and a scrap of silk from the grave of King Canute.,"King Canute medieval manuscript illustration (PD, BL/Commons)",HAS_FILE,S072A_main__canute-aelfgifu-liber-vitae.jpg,PUBLIC_DOMAIN_VERIFIED,low res 296x414; find uncropped Liber Vitae image [296x414],,,
S073A,05:19.08–05:21.89,So the Danish king's wedding gift held a piece of Denmark's medieval past.,medieval Danish church interior (Commons CC),HAS_FILE,S073A_main__ringsted-church-interior-1829.jpg,PUBLIC_DOMAIN_VERIFIED,IMAGE NOT DOWNLOADED (upload.wikimedia.org rate-limits this environment) - run fetch_pending.py; 1829 painting [5056x6092],S073A_alt1__ringsted-fresco-berengaria.jpg,,
S074A,05:24.70–05:29.30,"Decades later, Luke Fildes painted Alexandra's coronation portrait.","Luke Fildes portrait of Queen Alexandra 1905 (Government Art Collection, PD)",HAS_FILE,S074A_main__fildes-alexandra-1905.jpg,PUBLIC_DOMAIN_VERIFIED,IMAGE NOT DOWNLOADED (upload.wikimedia.org rate-limits this environment) - run fetch_pending.py; PD-Art photo of painting; check proof [1920x3000],,,
S075A,05:29.30–05:32.46,"Among the jewels massed on her dress, slightly adapted, is the Dagmar Necklace.",Fildes portrait close crop on jewels at bodice,CROP_TO_MAKE,,VERIFY,DERIVED: S074A main / S075B main (Fildes 1905) - crop on jewels at the bodice. Cut after the source file is downloaded; different crop for each shot per brief rule.,,,
S075B,05:32.46–05:35.62,"Among the jewels massed on her dress, slightly adapted, is the Dagmar Necklace.",Fildes portrait full,HAS_FILE,S075B_main__fildes-alexandra-full.jpg,PUBLIC_DOMAIN_VERIFIED,IMAGE NOT DOWNLOADED (upload.wikimedia.org rate-limits this environment) - run fetch_pending.py; different file of same painting; use crop for S075A [2400x3020],,,
S077A,05:40.34–05:45.42,spell out the route. A 1968 book on the Queen's jewelry says,"1968 book cover? (copyrighted — DON'T) → GFX: card ""Young, 1968 — book on the Queen's jewelry"" with neutral book icon",NOT_FOUND,,NOT FOUND,By brief: GFX card only (book cover is copyrighted) - not a search shot.,,,
S078A,05:45.42–05:50.22,"Elizabeth inherited it from her grandmother, Queen Mary, which would place it with her in","Queen Mary portrait (PD) + GFX ""1953""",HAS_FILE,S078A_main__queen-mary-bassano-1930.jpg,PUBLIC_DOMAIN_VERIFIED,IMAGE NOT DOWNLOADED (upload.wikimedia.org rate-limits this environment) - run fetch_pending.py; [496x745],,,
S081A,06:00.14–06:05.30,Alexandra's Danish necklace was a king's gift. Her next jewel on this list came twenty-five years,Alexandra portrait c.1880s (PD),HAS_FILE,S081A_main__alexandra-edward-1884.jpg,PUBLIC_DOMAIN_VERIFIED,IMAGE NOT DOWNLOADED (upload.wikimedia.org rate-limits this environment) - run fetch_pending.py; low res 400x617 [400x617],,,
S082A,06:05.30–06:08.83,"later, and it was Russian in style, the style of the country her sister had married into.",Empress Maria Feodorovna portrait (PD),HAS_FILE,S082A_main__maria-feodorovna-1885.jpg,PUBLIC_DOMAIN_VERIFIED,IMAGE NOT DOWNLOADED (upload.wikimedia.org rate-limits this environment) - run fetch_pending.py; [1168x1592],S082A_alt1__dagmar-denmark-1865.jpg,S082A_alt2__maria-feodorovna-kramskoy-1881.jpg,
S082B,06:08.83–06:12.36,"later, and it was Russian in style, the style of the country her sister had married into.",St Petersburg 1880s view (PD),HAS_FILE,S082B_main__nevsky-prospect-1870.jpg,PUBLIC_DOMAIN_VERIFIED,IMAGE NOT DOWNLOADED (upload.wikimedia.org rate-limits this environment) - run fetch_pending.py; St Petersburg 1870s [1161x1289],,,
S084A,06:17.50–06:22.14,"In 1888, Alexandra had been married for twenty-five years.","Alexandra & Edward silver wedding 1888 photo/engraving (PD) + GFX ""25 years""",NOT_FOUND,,NOT FOUND,"No clear 1888 silver wedding image. Lead: Commons 'Queen Alexandra' 1888 prints (BM). S009A already uses BM 1902,1011.10420.",,,
S085A,06:22.14–06:25.42,"To mark it, a group the Royal Collection calls the Ladies of Society,","group of Victorian society ladies in court dress, photo 1880s (PD)",NOT_FOUND,,NOT FOUND,"Lead: Judge magazine 2 Jul 1887 (Commons, PD) - Victorian caricature, not a court-dress photo. No photo with clear rights found.",,,
S087A,06:33.00–06:38.20,"Garrard made it, at a cost of four thousand four hundred pounds: sixty-one bars","Garrard shop / 1880s jeweller (PD) + GFX ""£4,400 · 61 bars""",HAS_FILE,S087A_main__garrard-candlestick-1836.jpg,CC0_VERIFIED,"VERIFY MEANING: Garrard-hallmarked object, not a shop image",,,
S088A,06:38.20–06:42.06,"of diamonds, standing upright like the traditional Russian headdress,","Russian woman in traditional kokoshnik headdress, Prokudin-Gorsky (LOC, PD)",NOT_FOUND,,NOT FOUND,"LOC Prokudin-Gorskii search returned Armenian/Georgian/Bashkir women, none in a Russian kokoshnik. Lead: loc.gov/collections/prokudin-gorskii - browse 'peasant girls' items manually.",,,
S089A,06:42.06–06:46.66,the kokoshnik. It can also be worn as a necklace.,"**[JEWEL]** Kokoshnik tiara — Elizabeth II wearing it (Commons 1957 candidate, verify; US gov White House photos PD if she wore it) ; fallback AI tall diamond-bar tiara silhouette, non-distorting",HAS_FILE,S089A_main__elizabeth-1957.jpg,CC_BY_VERIFIED,IMAGE NOT DOWNLOADED (upload.wikimedia.org rate-limits this environment) - run fetch_pending.py; JEWEL VERIFY Kokoshnik tiara [1000x1006],,,
S090A,06:46.66–06:49.71,The Russian shape had a family meaning. Alexandra's sister was Empress Maria,Alexandra and Maria Feodorovna sisters photo (PD),HAS_FILE,S090A_main__dagmar-alexandra-1875.jpg,PUBLIC_DOMAIN_VERIFIED,IMAGE NOT DOWNLOADED (upload.wikimedia.org rate-limits this environment) - run fetch_pending.py; [1569x2195],S090A_alt1__dagmar-alexandra-thyra-1870s.jpg,,
S090B,06:49.71–06:52.76,The Russian shape had a family meaning. Alexandra's sister was Empress Maria,Maria Feodorovna coronation portrait (PD),HAS_FILE,S090B_main__maria-feodorovna-coronation-1883.jpg,PUBLIC_DOMAIN_VERIFIED,IMAGE NOT DOWNLOADED (upload.wikimedia.org rate-limits this environment) - run fetch_pending.py; [2893x4311],S090B_alt1__coronation-alexander-iii-detail.jpg,,
S091A,06:52.76–06:56.04,"Feodorovna, wife of Tsar Alexander the Third.",Tsar Alexander III portrait (PD),HAS_FILE,S091A_main__alexander-iii-loc.jpg,PUBLIC_DOMAIN_VERIFIED,IMAGE NOT DOWNLOADED (upload.wikimedia.org rate-limits this environment) - run fetch_pending.py; LOC item [3142x5120],S091A_alt1__alexander-iii-family-livadia.jpg,,
S092A,06:56.04–06:59.96,Alexandra wore it often. One occasion stands out.,Alexandra in tiara photo 1890s (PD),HAS_FILE,S092A_main__alexandra-1892.jpg,PUBLIC_DOMAIN_VERIFIED,IMAGE NOT DOWNLOADED (upload.wikimedia.org rate-limits this environment) - run fetch_pending.py; Commons label 'No restrictions' - VERIFY basis; check tiara visible [1698x2372],,,
S093A,06:59.96–07:04.76,"In 1893, she wore it to the marriage of the Duke of York to Princess Victoria",wedding of Duke of York and Princess May 1893 painting/photo (PD),HAS_FILE,S093A_main__york-teck-wedding-1893.jpg,PUBLIC_DOMAIN_VERIFIED,IMAGE NOT DOWNLOADED (upload.wikimedia.org rate-limits this environment) - run fetch_pending.py; [1500x1100],,,
S094A,07:04.76–07:08.02,Mary of Teck. The bride that day would one day own this tiara.,Princess May of Teck 1893 photo (PD),HAS_FILE,S094A_main__princess-may-teck-1893.jpg,PUBLIC_DOMAIN_VERIFIED,IMAGE NOT DOWNLOADED (upload.wikimedia.org rate-limits this environment) - run fetch_pending.py; [419x800],,,
S095A,07:11.28–07:15.60,"After Alexandra's death in 1925, it passed to that bride,",Queen Alexandra late photo / funeral 1925 (PD),HAS_FILE,S095A_main__alexandra-funeral-1925.jpg,PUBLIC_DOMAIN_VERIFIED,IMAGE NOT DOWNLOADED (upload.wikimedia.org rate-limits this environment) - run fetch_pending.py; VERIFY RIGHTS: Gallica/Agence Rol photo; confirm BnF reuse terms [7000x5060],S095A_alt1__queen-alexandra-1923.jpg,,
S096A,07:15.60–07:20.00,"by then Queen Mary, who also wore it frequently.","Queen Mary wearing kokoshnik tiara, photo 1920s–30s (LOC Bain/PD, verify tiara)",HAS_FILE,S096A_main__queen-mary-1934.jpg,PUBLIC_DOMAIN_VERIFIED,"IMAGE NOT DOWNLOADED (upload.wikimedia.org rate-limits this environment) - run fetch_pending.py; JEWEL VERIFY: kokoshnik not confirmed; if not, mark NOT FOUND [564x725]",,,
S097A,07:20.00–07:22.93,"And in 1953, Mary bequeathed it to her granddaughter, Elizabeth.",Queen Mary late portrait (PD),HAS_FILE,S097A_main__queen-mary-allen-gac.jpg,PUBLIC_DOMAIN_VERIFIED,IMAGE NOT DOWNLOADED (upload.wikimedia.org rate-limits this environment) - run fetch_pending.py; Government Art Collection painting [3977x6102],S097A_alt1__queen-mary-and-queen-elizabeth.jpg,S097A_alt2__queen-mary-llewellyn-gac.jpg,
S099A,07:28.86–07:31.80,"The next one was Russian by birth, and it lived through a revolution.",Russia 1917 revolution crowd photo (PD),HAS_FILE,S099A_main__petrograd-may-day-1917.tif,CC_BY_VERIFIED,IMAGE NOT DOWNLOADED (upload.wikimedia.org rate-limits this environment) - run fetch_pending.py; CC BY 4.0 Finnish Heritage Agency; credit required [6172x4691],S099A_alt1__revolution-celebration-vladivostok-1917.jpg,,
S099B,07:31.80–07:34.74,"The next one was Russian by birth, and it lived through a revolution.",Winter Palace 1917 (PD),HAS_FILE,S099B_main__winter-palace-oct-1917.jpg,PUBLIC_DOMAIN_VERIFIED,IMAGE NOT DOWNLOADED (upload.wikimedia.org rate-limits this environment) - run fetch_pending.py; [800x586],S099B_alt1__winter-palace-attack-iwm.jpg,S099B_alt2__neva-winter-palace-1917.jpg,
S101A,07:38.74–07:43.80,"The first woman to wear it was a Russian grand duchess, Maria Pavlovna,","Grand Duchess Maria Pavlovna ""in court dress"" (PD)",HAS_FILE,S101A_main__maria-pavlovna-court-dress.jpg,PUBLIC_DOMAIN_VERIFIED,IMAGE NOT DOWNLOADED (upload.wikimedia.org rate-limits this environment) - run fetch_pending.py; low res 587x800; brief-named image [587x800],S101A_alt1__maria-pavlovna-kustodiev-1911.jpg,,
S102A,07:43.80–07:46.63,"wife of Grand Duke Vladimir. It was made for her around 1874,",Grand Duke Vladimir Alexandrovich portrait (PD),HAS_FILE,S102A_main__grand-duke-vladimir.jpg,PUBLIC_DOMAIN_VERIFIED,IMAGE NOT DOWNLOADED (upload.wikimedia.org rate-limits this environment) - run fetch_pending.py; c1870 [1813x2503],S102A_alt1__grand-duke-vladimir-levitsky.jpg,,
S103A,07:49.46–07:54.18,"probably at the time of her marriage, and almost certainly, the Royal Collection says,",St Petersburg 1870s view / wedding 1874 (PD),NOT_FOUND,,NOT FOUND,No wedding-1874 / St Petersburg 1870s image beyond S082B. Lead: Commons category 'Saint Petersburg in the 1870s'.,,,
S105A,07:57.56–08:01.40,"Intersecting circles of diamonds, each hung with a pearl.","**[JEWEL]** Vladimir tiara — LAC 1959 portrait of Elizabeth II (PD-Canada-Crown, verify)",HAS_FILE,S105A_main__elizabeth-ii-1959.jpg,PUBLIC_DOMAIN_VERIFIED,IMAGE NOT DOWNLOADED (upload.wikimedia.org rate-limits this environment) - run fetch_pending.py; JEWEL VERIFY: Vladimir tiara? 730x932 only; seek LAC original [730x932],S105A_alt1__elizabeth-ii-1959-crop.jpg,,
S108A,08:07.04–08:09.43,"One night in September that year, at her house in Kislovodsk, a committee of",Kislovodsk pre-1917 photo / postcard (PD),HAS_FILE,S108A_main__kislovodsk-park-2013.jpg,CC_BY_VERIFIED,"IMAGE NOT DOWNLOADED (upload.wikimedia.org rate-limits this environment) - run fetch_pending.py; VERIFY: modern 2013 photo of Kislovodsk park, not archival pre-1917 [4912x3264]",S108A_alt1__kislovodsk-national-park.jpg,,
S111A,08:20.84–08:24.27,"We know this because she wrote to a British friend, Albert Stopford, and he recorded what she wrote in his diary.","Albert Stopford portrait if PD; else archive.org page of ""The Russian Diary of an Englishman"" 1919 (PD)",HAS_FILE,S111A_main__stopford-diary-title-page.jpg,PUBLIC_DOMAIN_VERIFIED,"Checked visually: title page 'The Russian Diary of an Englishman, Petrograd 1915-1917', Heinemann 1919",,,
S111B,08:24.27–08:27.70,"We know this because she wrote to a British friend, Albert Stopford, and he recorded what she wrote in his diary.",diary page close-up,HAS_FILE,S111B_main__stopford-diary-p181-kislovodsk.jpg,PUBLIC_DOMAIN_VERIFIED,"Diary page 181 (27 July 1917, Kislovodsk, Grand Duchess Vladimir). NOT the September letter - generic diary page. Published 1919. | Better page for this beat now exists: see S112A (leaf 248, the actual Kislovodsk letter of 13-14 Sept 1917).",,,
S112A,08:27.70–08:32.32,His published diary records her letter. It does not record what Sotheby's,archive.org diary page crop with letter passage,HAS_FILE,S112A_main__stopford-diary-p209-kislovodsk-letter.jpg,PUBLIC_DOMAIN_VERIFIED,CHECKED VISUALLY: page 209 records her letter from Kislovodsk about the night of 13-14 Sept 1917 (Committee of Workmen and Soldiers searched her house). Published 1919.,,,
S113A,08:32.32–08:34.85,"would later say he did: that he left Petrograd that month carrying her jewels,",Petrograd 1917 railway station photo (PD),HAS_FILE,S113A_main__milk-line-petrograd.jpg,PUBLIC_DOMAIN_VERIFIED,"VERIFY MEANING: Petrograd street scene (milk queue), NOT the railway station | No known restrictions on publication. For more information, see George Grantham Bain Collection - Ri",,,
S115A,08:40.68–08:44.02,"On that, the diary is silent.","diary closed / page blank margin crop; GFX ""silent""",HAS_FILE,S115A_main__stopford-diary-p210-end.jpg,PUBLIC_DOMAIN_VERIFIED,"CHECKED VISUALLY: page 210, last diary entry (6 Oct), lower half blank - fits 'the diary is silent'",,,
S117A,08:48.24–08:52.14,"In 1921, her daughter, Princess Nicholas of Greece,",Princess Nicholas of Greece (Grand Duchess Elena Vladimirovna) portrait (PD),HAS_FILE,S117A_main__elena-vladimirovna-portrait.jpg,PUBLIC_DOMAIN_VERIFIED,IMAGE NOT DOWNLOADED (upload.wikimedia.org rate-limits this environment) - run fetch_pending.py; [3818x4992],S117A_alt1__elena-vladimirovna-flameng-1905.jpg,S117A_alt2__elena-vladimirovna-greece.jpg,
S118A,08:52.14–08:55.04,sold it to Queen Mary. Elizabeth inherited it in 1953.,"Queen Mary 1920s photo (PD) + GFX ""1921""",HAS_FILE,S118A_main__queen-mary-wellcome-1912.jpg,CC_BY_VERIFIED,IMAGE NOT DOWNLOADED (upload.wikimedia.org rate-limits this environment) - run fetch_pending.py; dated circa 1912 not 1921; CC BY 4.0 Wellcome; credit required [4121x5200],S118A_alt1__queen-mary-orpen.jpg,,
S119A,08:57.94–09:03.14,"In her official portrait for her 1959 tour, she is wearing it.",**[JEWEL]** LAC 1959 tour portrait (PD) full frame,HAS_FILE,S119A_main__elizabeth-1959-tour-portrait.jpg,PUBLIC_DOMAIN_VERIFIED,"JEWEL VERIFY Vladimir tiara; only 739x985, seek LAC original [739x985]",,,
S121A,09:06.70–09:09.86,"with its original pearls, with nothing hanging at all, and with pendant emeralds.","**[JEWEL]** rights-clear photo of Elizabeth II in Vladimir with emeralds (US gov / Dutch NA candidates, verify)",NOT_FOUND,,NOT FOUND,JEWEL: no rights-clear photo of Elizabeth II in the Vladimir tiara with emeralds found. Lead: Nationaal Archief 1958 state-visit photos (S189A candidates 909-4441/4460) - check whether the tiara is the Vladimir; LAC 1959 portrait is the version with pearls.,,,
S121B,09:09.86–09:13.02,"with its original pearls, with nothing hanging at all, and with pendant emeralds.",**[JEWEL]** with pearls (LAC 1959),HAS_FILE,S121B_main__elizabeth-ii-1959-tour-retouched.jpg,PUBLIC_DOMAIN_VERIFIED,JEWEL VERIFY: Vladimir with pearls?; retouched version of the LAC portrait (not AI upscale) [1000x1269],,,
S122A,09:13.02–09:17.74,"By published accounts, those emeralds came from Queen Mary's Cambridge emeralds,","Duchess of Cambridge (Augusta) portrait (PD) + GFX ""Cambridge emeralds""",HAS_FILE,S122A_main__augusta-duchess-cambridge-1820.jpg,PUBLIC_DOMAIN_VERIFIED,IMAGE NOT DOWNLOADED (upload.wikimedia.org rate-limits this environment) - run fetch_pending.py; [1161x1364],S122A_alt1__augusta-lucas-painting.jpg,,
S127B,09:34.91–09:37.22,A house searched in the middle of the night. None of the women who first wore these,five first-wearer portraits side by side,CROP_TO_MAKE,,VERIFY,"DERIVED: composite of five first-wearer portraits already in the manifest: Victoria (S015A/S061A), Alexandra (S065A), Maria Pavlovna (S101A), Augusta (S122A), Mary (S003A). Cut after the source file is downloaded; different crop for each shot per brief rule.",,,
S128A,09:37.22–09:40.04,five chose Elizabeth as her heir.,young Elizabeth II portrait rights-clear (PD gov),HAS_FILE,S128A_main__elizabeth-philip-1951.jpg,CC_BY_VERIFIED,IMAGE NOT DOWNLOADED (upload.wikimedia.org rate-limits this environment) - run fetch_pending.py; young Elizabeth 1951; CC BY 2.0 [973x1270],S128A_alt1__elizabeth-trooping-1951.jpg,,
S132A,09:55.32–09:59.84,"According to published histories of the collection, on the eve of the First World War,",1914 London street / eve of WWI photo (PD),HAS_FILE,S132A_main__outbreak-wwi-1914-iwm.jpg,PUBLIC_DOMAIN_VERIFIED,IMAGE NOT DOWNLOADED (upload.wikimedia.org rate-limits this environment) - run fetch_pending.py; IWM Q-series; Commons says PD - confirm basis [5539x3784],,,
S133A,09:59.84–10:04.50,Queen Mary had Garrard make a tiara modeled on the Cambridge Lover's Knot tiara that,"Garrard / jeweller (PD) + GFX ""Lover's Knot""",HAS_FILE,S133A_main__garrard-pilgrim-bottle-pair.jpg,CC0_VERIFIED,"VERIFY MEANING: second Garrard object, not a shop image",,,
S134A,10:04.50–10:09.16,"had belonged to her own grandmother, Princess Augusta, Duchess of Cambridge.","Princess Augusta, Duchess of Cambridge portrait (PD)",HAS_FILE,S134A_main__augusta-beechey-1818.jpg,PUBLIC_DOMAIN_VERIFIED, [927x1453],,,
S137A,10:15.72–10:20.62,It was a copy of a family piece. The same histories say Elizabeth inherited,"Queen Mary in the Lover's Knot tiara (LOC Bain/PD, verify tiara)",HAS_FILE,S137A_main__queen-mary-nowell-1935.jpg,PUBLIC_DOMAIN_VERIFIED,IMAGE NOT DOWNLOADED (upload.wikimedia.org rate-limits this environment) - run fetch_pending.py; JEWEL VERIFY: Lover's Knot not confirmed [986x1200],S137A_alt1__queen-mary-nowell-1927.jpg,,
S139A,10:23.48–10:28.20,Then it left her hands. Royal jewelry historians record that in 1981,"1981 — St Paul's Cathedral exterior (CC) + GFX ""1981""",HAS_FILE,S139A_main__st-pauls-cathedral-exterior.jpg,CC_BY_VERIFIED,IMAGE NOT DOWNLOADED (upload.wikimedia.org rate-limits this environment) - run fetch_pending.py; [5184x3456],S139A_alt1__diana-wedding-st-pauls-1981.jpg,S139A_alt2__st-pauls-2010.jpg,
S140A,10:28.20–10:32.04,it went to the new Princess of Wales.,"Diana, Princess of Wales rights-clear photo (US gov PD — e.g. White House 1985 photos; verify tiara)",HAS_FILE,S140A_main__diana-travolta-white-house-1985.jpg,PUBLIC_DOMAIN_VERIFIED,IMAGE NOT DOWNLOADED (upload.wikimedia.org rate-limits this environment) - run fetch_pending.py; JEWEL VERIFY: Lover's Knot tiara NOT confirmed (unverified recollection: no tiara at this dinner - check) [3000x2000],S140A_alt1__diana-reagan-dancing-1985.jpg,S140A_alt2__diana-tea-reagans-1985.jpg,
S141A,10:32.04–10:34.69,Diana did not wear it to her wedding. She married in her own family's Spencer tiara.,Spencer family / Althorp (CC) ; NO wedding agency photos,HAS_FILE,S141A_main__althorp-house.jpg,CC_BY_VERIFIED,IMAGE NOT DOWNLOADED (upload.wikimedia.org rate-limits this environment) - run fetch_pending.py; CC BY-SA 3.0 [3456x2304],S141A_alt1__althorp-entrance.jpg,S141A_alt2__althorp-4624907.jpg,
S142A,10:37.34–10:41.34,"But she wore this one often. According to press accounts,",**[JEWEL]** Diana wearing Lover's Knot — US gov PD photo (White House/DoD 1985 visit; verify),HAS_FILE,S142A_main__diana-north-portico-1985.jpg,PUBLIC_DOMAIN_VERIFIED,IMAGE NOT DOWNLOADED (upload.wikimedia.org rate-limits this environment) - run fetch_pending.py; JEWEL VERIFY: Lover's Knot NOT confirmed; if no tiara visible mark NOT FOUND for this shot [4000x2614],S142A_alt1__diana-state-dining-room-1985.jpg,,
S143A,10:41.34–10:44.89,"after her divorce, it came back to the Queen. Since twenty fifteen, it has been worn by Catherine.",Buckingham Palace (CC),HAS_FILE,S143A_main__buckingham-palace-west-facade.jpg,PUBLIC_DOMAIN_VERIFIED,IMAGE NOT DOWNLOADED (upload.wikimedia.org rate-limits this environment) - run fetch_pending.py; US gov 2019 [2048x1365],S143A_alt1__buckingham-west-facade-geograph.jpg,S143A_alt2__buckingham-from-gardens.jpg,
S143B,10:44.89–10:48.44,"after her divorce, it came back to the Queen. Since twenty fifteen, it has been worn by Catherine.","**[JEWEL]** Catherine in the Lover's Knot — rights-clear (Commons CC / gov PD, verify)",NOT_FOUND,,NOT FOUND,"JEWEL: no rights-clear photo of Catherine in the Lover's Knot found. Lead: Commons 'Catherine, Princess of Wales' diplomatic reception 2015+ (tiara worn 2015-2019); only CC licences count.",,,
S145A,10:53.40–10:58.10,"The next jewel also began with Mary's grandmother, and with a will the public",Duchess of Cambridge (Augusta) portrait again (different crop),HAS_FILE,S145A_main__augusta-with-children-1823.jpg,PUBLIC_DOMAIN_VERIFIED,IMAGE NOT DOWNLOADED (upload.wikimedia.org rate-limits this environment) - run fetch_pending.py; [1399x2000],,,
S148A,11:05.06–11:09.74,"On December twelfth, 1911, George the Fifth and Queen Mary",George V and Queen Mary at Delhi Durbar 1911 (PD),HAS_FILE,S148A_main__durbar-george-v-mary-1911.jpg,PUBLIC_DOMAIN_VERIFIED,IMAGE NOT DOWNLOADED (upload.wikimedia.org rate-limits this environment) - run fetch_pending.py; check visually [5933x3539],S148A_alt1__durbar-robes-1911.jpg,,
S149A,11:09.74–11:11.66,"appeared at the Delhi Durbar. For the occasion,",Delhi Durbar 1911 crowd/amphitheatre (PD),HAS_FILE,S149A_main__delhi-durbar-1911-crowd.jpg,PUBLIC_DOMAIN_VERIFIED, [1139x634],S149A_alt1__delhi-durbar-jharokha.jpg,S149A_alt2__durbar-1912-kinemacolor-elephants.mp4,
S150A,11:13.58–11:19.06,Garrard made Mary a suite of jewels. This necklace is part of it.,Queen Mary in Durbar jewels 1911–12 photo (PD),HAS_FILE,S150A_main__queen-mary-circa-1913.jpg,PUBLIC_DOMAIN_VERIFIED,IMAGE NOT DOWNLOADED (upload.wikimedia.org rate-limits this environment) - run fetch_pending.py; VERIFY visually: which jewels; Durbar suite not confirmed [1914x3000],,,
S152A,11:22.00–11:25.76,"The Royal Collection records that they had belonged to Mary's grandmother,",Duchess of Cambridge portrait (PD),HAS_FILE,S152A_main__augusta-tieleman-1823.jpg,PUBLIC_DOMAIN_VERIFIED,IMAGE NOT DOWNLOADED (upload.wikimedia.org rate-limits this environment) - run fetch_pending.py; [1170x1650],,,
S153B,11:28.55–11:31.34,"the Duchess of Cambridge, and that Mary acquired them in 1910.",Queen Mary 1910 photo (PD),NOT_FOUND,,NOT FOUND,"No Queen Mary 1910 photo found. Lead: Commons 'Duchess of York, 1898' (No restrictions) shows Mary of Teck, but 12 years early.",,,
S155A,11:37.62–11:40.16,"The duchess, the story goes, won them in a lottery in Frankfurt.",Frankfurt 19th-c. view (PD),HAS_FILE,S155A_main__frankfurt-main-lc-19th-c.jpg,PUBLIC_DOMAIN_VERIFIED,IMAGE NOT DOWNLOADED (upload.wikimedia.org rate-limits this environment) - run fetch_pending.py; LOC / Detroit Publishing c1890s; Frankfurt 19th c. [3634x2706],S155A_alt1__frankfurt-kaiserstrasse-lc.jpg,S155A_alt2__frankfurt-1810.jpg,
S156A,11:42.70–11:45.40,"They passed to Mary's mother, and then to Mary's brother, Prince Francis of Teck.","Princess Mary Adelaide, Duchess of Teck portrait (PD)",HAS_FILE,S156A_main__mary-adelaide-teck-1897.jpg,PUBLIC_DOMAIN_VERIFIED,IMAGE NOT DOWNLOADED (upload.wikimedia.org rate-limits this environment) - run fetch_pending.py; [1208x1630],S156A_alt1__mary-adelaide-1882.jpg,S156A_alt2__mary-adelaide-1858-group.jpg,
S156B,11:45.40–11:48.10,"They passed to Mary's mother, and then to Mary's brother, Prince Francis of Teck.",Prince Francis of Teck photo (PD),HAS_FILE,S156B_main__francis-of-teck-1884.jpg,PUBLIC_DOMAIN_VERIFIED,IMAGE NOT DOWNLOADED (upload.wikimedia.org rate-limits this environment) - run fetch_pending.py; [582x800],,,
S157A,11:48.10–11:53.04,"Francis died in 1910, at forty. And something unusual happened","Prince Francis of Teck photo (PD) + GFX ""1870–1910""",HAS_FILE,S157A_main__francis-teck-1888.jpg,PUBLIC_DOMAIN_VERIFIED,different file from S156B [534x800],,,
S158A,11:53.04–11:57.88,"to his will. In twenty twenty-one, a High Court judge ruling on","Royal Courts of Justice exterior (CC) + GFX ""2021""",HAS_FILE,S158A_main__royal-courts-of-justice.jpg,CC0_VERIFIED,IMAGE NOT DOWNLOADED (upload.wikimedia.org rate-limits this environment) - run fetch_pending.py; CC0 [4146x2764],S158A_alt1__royal-courts-exterior-05.jpg,,
S159A,11:57.88–12:02.06,"Prince Philip's will explained the custom of sealing royal wills,",Prince Philip rights-clear photo (gov PD),HAS_FILE,S159A_main__prince-philip-1951.jpg,PUBLIC_DOMAIN_VERIFIED,low res 477x544 [477x544],,,
S164A,12:24.60–12:28.40,"Hanging off-center from the necklace is an eight point eight carat marquise diamond,","**[JEWEL]** Delhi Durbar necklace image — Queen Mary 1911–12 photo crop (PD) ; GFX ""8.8 ct marquise""",HAS_FILE,S164A_main__queen-mary-wellcome-1912.jpg,CC_BY_VERIFIED,IMAGE NOT DOWNLOADED (upload.wikimedia.org rate-limits this environment) - run fetch_pending.py; JEWEL VERIFY: is the Durbar necklace visible? CC BY 4.0 Wellcome [1520x1916],,,
S166A,12:33.52–12:36.94,"That small pendant came from one diamond, and the next jewel holds two of its largest pieces.",Cullinan diamond 1905 rough photo (PD),HAS_FILE,S166A_main__cullinan-rough-1905.jpg,PUBLIC_DOMAIN_VERIFIED,IMAGE NOT DOWNLOADED (upload.wikimedia.org rate-limits this environment) - run fetch_pending.py; low res 300x400 [300x400],S166A_alt1__cullinan-replica-1.jpg,,
S168A,12:43.90–12:48.18,The necklace had a companion: the Delhi Durbar tiara.,Queen Mary in Delhi Durbar tiara (PD),HAS_FILE,S168A_main__durbar-george-mary-1912.jpg,PUBLIC_DOMAIN_VERIFIED,IMAGE NOT DOWNLOADED (upload.wikimedia.org rate-limits this environment) - run fetch_pending.py; JEWEL VERIFY: Delhi Durbar tiara visible? [1024x659],,,
S169A,12:48.18–12:52.58,"In 1946, Queen Mary lent that tiara to her daughter-in-law,","Queen Elizabeth (consort) 1940s photo (PD gov/archive, verify) + GFX ""1946""",NOT_FOUND,,NOT FOUND,"No rights-clear 1940s photo of Queen Elizabeth (consort). Lead: UK National Archives INF3-78 (S209B), Universal Newsreel 1939 tour (VIDEO_LEADS.md).",,,
S170A,12:52.58–12:56.00,"Elizabeth's mother, for a royal tour of South Africa the following year.",1947 royal tour of South Africa photo (PD — South African/UK gov/Nationaal Archief? verify),HAS_FILE,S170A_main__south-africa-1947-footplate.jpg,PUBLIC_DOMAIN_VERIFIED,IMAGE NOT DOWNLOADED (upload.wikimedia.org rate-limits this environment) - run fetch_pending.py; 1947 royal tour; check [720x540],S170A_alt1__queen-mother-south-africa.jpg,,
S174A,13:10.22–13:14.82,"In nineteen oh five, at the Premier Mine near Pretoria, a diamond was found that",Premier Mine 1905 photo (PD) + GFX 1905,HAS_FILE,S174A_main__premier-mine-spot-1905.png,PUBLIC_DOMAIN_VERIFIED,IMAGE NOT DOWNLOADED (upload.wikimedia.org rate-limits this environment) - run fetch_pending.py; illustration of find spot [1573x1252],,,
S175A,13:14.82–13:19.00,weighed three thousand one hundred and six carats uncut.,"Cullinan rough diamond 1905 photo with scale (PD) + GFX ""3,106 ct""",HAS_FILE,S175A_main__cullinan-rough-1908.jpg,PUBLIC_DOMAIN_VERIFIED,scale/context; 600x650 [600x650],,,
S177A,13:23.64–13:28.50,other diamond yet found. The story goes that clerks at the mine first threw,mine officials / Frederick Wells with the stone (PD),HAS_FILE,S177A_main__wells-with-cullinan-1905.jpg,CC_BY_VERIFIED,IMAGE NOT DOWNLOADED (upload.wikimedia.org rate-limits this environment) - run fetch_pending.py; 1905 photo but licence on Commons is CC BY-SA 4.0 (ShareAlike condition) - check [542x745],,,
S179A,13:32.02–13:37.14,"The Asscher firm in Amsterdam cut it into nine major numbered stones,",Asscher cleaving the Cullinan 1908 photo (PD),NOT_FOUND,,NOT FOUND,No rights-clear photo of Asscher cleaving the Cullinan 1908 found. Lead: Commons category 'Cullinan Diamond'; Asscher Museum / Rijksmuseum (check CC0) .,,,
S180A,13:37.14–13:39.21,"ninety-six smaller ones, and a few uncut fragments.",Asscher workshop 1908 photo (PD),NOT_FOUND,,NOT FOUND,Same as S179A - Asscher workshop 1908 photo not found.,,,
S181A,13:41.28–13:44.03,"Two of them, a ninety-four point four carat pear and a sixty-three point six carat","Cullinan cut stones plate (PD, 1908/1910 publication)",HAS_FILE,S181A_main__cullinan-major-stones-1908.jpg,PUBLIC_DOMAIN_VERIFIED,IMAGE NOT DOWNLOADED (upload.wikimedia.org rate-limits this environment) - run fetch_pending.py; [1000x750],,,
S182A,13:46.78–13:51.70,"cushion, went to Queen Mary. The pear-shaped Cullinan Three was",Queen Mary photo with Cullinan brooch (PD),HAS_FILE,S182A_main__queen-mary-loc-1900s.jpg,PUBLIC_DOMAIN_VERIFIED,IMAGE NOT DOWNLOADED (upload.wikimedia.org rate-limits this environment) - run fetch_pending.py; JEWEL VERIFY: Cullinan brooch not confirmed; LOC [3722x5034],S182A_alt1__queen-mary-autochrome-1914.jpg,,
S185A,14:00.32–14:03.96,In 1911 they were set into her crown.,Queen Mary's crown 1911 coronation photo (PD),HAS_FILE,S185A_main__queen-mary-coronation-1911.jpg,PUBLIC_DOMAIN_VERIFIED,IMAGE NOT DOWNLOADED (upload.wikimedia.org rate-limits this environment) - run fetch_pending.py; [2000x1597],S185A_alt1__coronation-1911-alt.jpg,S185A_alt2__crowning-queen-mary-1911.jpg,
S186A,14:03.96–14:06.46,Then they were mounted together as this brooch.,"Queen Mary wearing the Cullinan III&IV brooch (PD photo, verify)",NOT_FOUND,,NOT FOUND,"JEWEL: no PD photo of Queen Mary wearing the Cullinan III/IV brooch found. Lead: S182A candidates (LOC 2014716428, Autochrome 1914) - check visually after download.",,,
S187A,14:06.46–14:12.72,"Later, the Delhi Durbar tiara from the last chapter was altered so that it could carry them too.",Queen Mary in Delhi Durbar tiara with Cullinan (PD),NOT_FOUND,,NOT FOUND,JEWEL: no photo of Mary in the Delhi Durbar tiara with Cullinan found. Lead: S168A candidate; Commons category 'Delhi Durbar tiara'.,,,
S188B,14:15.02–14:17.32,"Elizabeth inherited it in 1953. In 1958,",Amsterdam 1958 state visit photo (Nationaal Archief CC0),HAS_FILE,S188B_main__na-1958-amsterdam-procession.jpg,CC0_VERIFIED,IMAGE NOT DOWNLOADED (upload.wikimedia.org rate-limits this environment) - run fetch_pending.py; [3299x2623],S188B_alt1__na-1958-254-7269.jpg,S188B_alt2__na-1958-254-7278.jpg,
S189A,14:17.32–14:22.12,"by the Asscher firm's account, she visited their works in Amsterdam and called these stones","Nationaal Archief 1958 Queen at Asscher / Amsterdam (CC0, verify)",HAS_FILE,S189A_main__na-1958-state-visit-4460.jpg,CC0_VERIFIED,IMAGE NOT DOWNLOADED (upload.wikimedia.org rate-limits this environment) - run fetch_pending.py; VERIFY: is this Asscher visit? Nationaal Archief 909-4460 [4079x3304],S189A_alt1__na-1958-state-visit-4441.jpg,S189A_alt2__na-1958-state-visit-4432.jpg,
S190B,14:24.67–14:27.22,"Granny's Chips. In twenty twelve, at the service at Saint Paul's",St Paul's Cathedral 2012 (CC),HAS_FILE,S190B_main__st-pauls-diamond-jubilee-2012-06-05.jpg,CC_BY_VERIFIED,IMAGE NOT DOWNLOADED (upload.wikimedia.org rate-limits this environment) - run fetch_pending.py; dated 5 June 2012 = Diamond Jubilee service day [4272x2848],,,
S191A,14:27.22–14:31.18,"Cathedral for her Diamond Jubilee, she wore the brooch.","**[JEWEL]** Elizabeth II 2012 Diamond Jubilee with brooch — rights-clear (Commons CC/gov, verify)",HAS_FILE,S191A_main__elizabeth-ii-jubilee-2012-06-05.jpg,CC_BY_VERIFIED,IMAGE NOT DOWNLOADED (upload.wikimedia.org rate-limits this environment) - run fetch_pending.py; JEWEL VERIFY brooch; dated 5 June 2012; CC BY-SA 3.0 [3298x2198],S191A_alt1__elizabeth-prime-ministers-2012.jpg,,
S193A,14:34.94–14:39.12,The next was first worn by a brewer's daughter.,"Carolus-Duran portrait of Mrs Greville (National Trust, PD)",CROP_TO_MAKE,,VERIFY,"DERIVED: S002A main (Carolus-Duran, Greville) - same painting, different crop. Cut after the source file is downloaded; different crop for each shot per brief rule.",,,
S195A,14:43.56–14:47.42,"Margaret Greville was born into money, not into a title.",Mrs Greville photo (PD),HAS_FILE,S195A_main__greville-circa-1920.jpg,PUBLIC_DOMAIN_VERIFIED,IMAGE NOT DOWNLOADED (upload.wikimedia.org rate-limits this environment) - run fetch_pending.py; [800x1252],,,
S196A,14:47.42–14:49.17,"Her father was William McEwan, a millionaire brewer.",William McEwan portrait (PD),HAS_FILE,S196A_main__william-mcewan-benjamin-constant-1900.jpg,PUBLIC_DOMAIN_VERIFIED,IMAGE NOT DOWNLOADED (upload.wikimedia.org rate-limits this environment) - run fetch_pending.py; painting 1900 [843x1200],,,
S196B,14:49.17–14:50.92,"Her father was William McEwan, a millionaire brewer.",McEwan's brewery Fountainbridge (PD),HAS_FILE,S196B_main__fountain-brewery-edinburgh.jpg,CC_BY_VERIFIED,IMAGE NOT DOWNLOADED (upload.wikimedia.org rate-limits this environment) - run fetch_pending.py; modern photo of the McEwan Fountain Brewery site; CC BY-SA 3.0 condition [4288x2848],S196B_alt1__fountain-brewery-2.jpg,,
S197A,14:50.92–14:55.24,She married Ronald Greville in 1891.,Ronald Greville photo (PD) + GFX 1891,HAS_FILE,S197A_main__ronald-greville-1906.jpg,PUBLIC_DOMAIN_VERIFIED,IMAGE NOT DOWNLOADED (upload.wikimedia.org rate-limits this environment) - run fetch_pending.py; [800x479],,,
S198A,14:55.24–14:59.40,"Soon after she bought a country house in Surrey, Polesden Lacey,",Polesden Lacey exterior (Commons CC),HAS_FILE,S198A_main__polesden-lacey-east-front.jpg,CC_BY_VERIFIED,IMAGE NOT DOWNLOADED (upload.wikimedia.org rate-limits this environment) - run fetch_pending.py; CC BY-SA 2.0 condition [5390x4013],,,
S199A,14:59.40–15:04.20,"her husband died, in nineteen oh eight. They had no children.",Polesden Lacey interior (CC) + GFX 1908,HAS_FILE,S199A_main__polesden-lacey-west.jpg,CC_BY_VERIFIED,IMAGE NOT DOWNLOADED (upload.wikimedia.org rate-limits this environment) - run fetch_pending.py; CC BY-SA 4.0 condition [5184x3456],,,
S200A,15:04.20–15:09.14,"In 1923, the future King George the Sixth and his bride spent",Duke & Duchess of York 1923 wedding photo (PD),HAS_FILE,S200A_main__york-wedding-1923.jpg,PUBLIC_DOMAIN_VERIFIED,IMAGE NOT DOWNLOADED (upload.wikimedia.org rate-limits this environment) - run fetch_pending.py; [5100x3690],,,
S201A,15:09.14–15:11.77,"their honeymoon at Polesden Lacey. That bride, later Queen Elizabeth the Queen Mother,",Polesden Lacey gardens (CC),HAS_FILE,S201A_main__polesden-lacey-2024.jpg,CC_BY_VERIFIED,IMAGE NOT DOWNLOADED (upload.wikimedia.org rate-limits this environment) - run fetch_pending.py; [4608x2595],,,
S201B,15:11.77–15:14.40,"their honeymoon at Polesden Lacey. That bride, later Queen Elizabeth the Queen Mother,",Elizabeth Bowes-Lyon 1923 (PD),HAS_FILE,S201B_main__bowes-lyon-1923.jpg,PUBLIC_DOMAIN_VERIFIED,IMAGE NOT DOWNLOADED (upload.wikimedia.org rate-limits this environment) - run fetch_pending.py; Jan 1923 photo [1447x1608],,,
S203B,15:22.24–15:25.06,"unkind, so sharp, such fun, so naughty.",Mrs Greville portrait crop,HAS_FILE,S203B_main__greville-1900.jpg,PUBLIC_DOMAIN_VERIFIED,IMAGE NOT DOWNLOADED (upload.wikimedia.org rate-limits this environment) - run fetch_pending.py; [750x938],,,
S204A,15:25.06–15:29.18,"In 1938, Missus Greville bought these earrings from Cartier.",Cartier Paris/London 1930s shopfront (PD/CC) + GFX 1938,HAS_FILE,S204A_main__cartier-album-1924.jpg,CC0_VERIFIED,IMAGE NOT DOWNLOADED (upload.wikimedia.org rate-limits this environment) - run fetch_pending.py; Paris Musees CC0; Cartier shop 1924 [3832x5843],S204A_alt1__rue-de-la-paix-1927.jpg,S204A_alt2__cartier-rue-de-la-paix-11.jpg,
S207A,15:39.10–15:41.92,"She died in 1942, in the middle of the war, at the Dorchester hotel in London.",London Blitz 1942 photo (PD),HAS_FILE,S207A_main__st-pauls-survives.jpg,PUBLIC_DOMAIN_VERIFIED,IMAGE NOT DOWNLOADED (upload.wikimedia.org rate-limits this environment) - run fetch_pending.py; VERIFY RIGHTS: famous Herbert Mason 1940 photo - Commons says PD but confirm before use [2626x3219],,,
S207B,15:41.92–15:44.74,"She died in 1942, in the middle of the war, at the Dorchester hotel in London.",Dorchester hotel exterior (CC),HAS_FILE,S207B_main__dorchester-hotel.jpg,CC_BY_VERIFIED,IMAGE NOT DOWNLOADED (upload.wikimedia.org rate-limits this environment) - run fetch_pending.py; [2416x1974],S207B_alt1__dorchester-frontage.jpg,S207B_alt2__dorchester-park-lane.jpg,
S208A,15:44.74–15:49.36,"She left Polesden Lacey to the nation, in memory of her father.",Polesden Lacey (CC) + National Trust sign,HAS_FILE,S208A_main__polesden-lacey-2025.jpg,CC_BY_VERIFIED,IMAGE NOT DOWNLOADED (upload.wikimedia.org rate-limits this environment) - run fetch_pending.py; [3053x2800],,,
S209B,15:51.90–15:54.44,"And she left more than sixty pieces of jewelry to Queen Elizabeth, the King's consort,",Queen Elizabeth (consort) 1940s (PD),HAS_FILE,S209B_main__queen-elizabeth-consort-inf3-78.jpg,PUBLIC_DOMAIN_VERIFIED,IMAGE NOT DOWNLOADED (upload.wikimedia.org rate-limits this environment) - run fetch_pending.py; UK National Archives poster c1944; check licence basis [4200x3677],,,
S210A,15:54.44–15:59.14,Elizabeth's mother. Among them was a tiara Boucheron had made for her,Queen Elizabeth consort portrait (PD gov),NOT_FOUND,,NOT FOUND,No rights-clear portrait of Queen Elizabeth (consort) 1940s beyond S209B. Lead: Commons 'Queen Elizabeth The Queen Mother' US Gov / Canadian archives 1939.,,,
S213A,16:09.84–16:13.58,"Her mother kept these earrings for sixty years and,","Queen Mother later photo rights-clear (gov/CC, verify)",NOT_FOUND,,NOT FOUND,No rights-clear later photo of the Queen Mother found. Lead: Commons 'Queen Elizabeth The Queen Mother' 1980s-90s (US gov: DoD/NARA) - not located.,,,
S216A,16:20.56–16:25.94,"In twenty eleven, at a state banquet for the President of Turkey, the Queen wore them.","**[JEWEL]** 2011 Turkey state banquet photo with Greville earrings + Coronation Necklace (rights-clear only, find; Turkish Presidency press photos? verify) ; fallback GFX + PD Windsor",NOT_FOUND,,NOT FOUND,JEWEL: 2011 Turkey state banquet photo not found with clear rights (the only banquet photo found is 1954). Lead: Turkish Presidency press photos (check licence) / Royal Collection (not allowed).,,,
S220A,16:42.10–16:44.83,"In 1893, Queen Victoria gave Princess Victoria Mary of Teck a",Princess May 1893 photo (PD),HAS_FILE,S220A_main__mary-teck-wedding-dress-1893.jpg,PUBLIC_DOMAIN_VERIFIED,IMAGE NOT DOWNLOADED (upload.wikimedia.org rate-limits this environment) - run fetch_pending.py; [2004x3105],,,
S220B,16:44.83–16:47.56,"In 1893, Queen Victoria gave Princess Victoria Mary of Teck a",Queen Victoria 1893 photo (PD),HAS_FILE,S220B_main__victoria-family-coburg-1894.jpg,PUBLIC_DOMAIN_VERIFIED,IMAGE NOT DOWNLOADED (upload.wikimedia.org rate-limits this environment) - run fetch_pending.py; dated 1894 not 1893 [3721x3945],,,
S222A,16:52.06–16:55.78,"Mary had it made into a tiara, a fringe of diamond rays,","**[JEWEL]** Queen Mary wearing the Fringe tiara (PD photo, verify)",HAS_FILE,S222A_main__queen-mary-teck-flickr.jpg,CC_BY_VERIFIED,IMAGE NOT DOWNLOADED (upload.wikimedia.org rate-limits this environment) - run fetch_pending.py; JEWEL VERIFY: Fringe tiara? not confirmed. Chapter >=S219 only [2175x2540],,,
S225A,17:03.56–17:07.94,It is often said to be made of George the Third's diamonds.,"George III portrait (PD) + GFX ""often said…""",HAS_FILE,S225A_main__george-iii-ramsay.jpg,PUBLIC_DOMAIN_VERIFIED,IMAGE NOT DOWNLOADED (upload.wikimedia.org rate-limits this environment) - run fetch_pending.py; c1765 [2433x3801],S225A_alt1__george-iii-ramsay-ima.jpg,S225A_alt2__george-iii-charlotte-1762.jpg,
S227A,17:11.92–17:15.35,"In August 1936, Mary gave the tiara to her daughter-in-law, the future Queen Elizabeth.",Elizabeth (Duchess of York) 1936 photo (PD),HAS_FILE,S227A_main__queen-elizabeth-1936.jpg,PUBLIC_DOMAIN_VERIFIED,IMAGE NOT DOWNLOADED (upload.wikimedia.org rate-limits this environment) - run fetch_pending.py; Dec 1936; check it is not showing the Fringe tiara before S219 (it is S227 so allowed) [1400x914],S227A_alt1__duchess-of-york-1927.jpg,,
S228A,17:18.78–17:24.34,"On November twentieth, 1947, Princess Elizabeth married Philip Mountbatten.","Nationaal Archief 1947 wedding photo (CC0, verify) + GFX ""20 Nov 1947""",HAS_FILE,S228A_main__na-1947-huwelijk-902-4695.jpg,CC0_VERIFIED,IMAGE NOT DOWNLOADED (upload.wikimedia.org rate-limits this environment) - run fetch_pending.py; Nationaal Archief 21 Nov 1947; JEWEL VERIFY tiara visible? [2561x3274],,,
S229A,17:24.34–17:29.14,She wore her mother's tiara. The Royal Collection's entry is exact about,**[JEWEL]** 1947 wedding photo crop on tiara (Nationaal Archief CC0 / PD gov newsreel),HAS_FILE,S229A_main__na-1947-huwelijk-902-4694-crop.jpg,CC0_VERIFIED,IMAGE NOT DOWNLOADED (upload.wikimedia.org rate-limits this environment) - run fetch_pending.py; Nationaal Archief; JEWEL VERIFY tiara on 1947 wedding [2526x1908],,,
S231A,17:34.08–17:39.50,"And according to one of her bridesmaids, Lady Pamela Mountbatten, later Lady Pamela Hicks,","bridesmaids 1947 group photo (PD/CC0, verify)",HAS_FILE,S231A_main__alexandra-of-kent-1947.jpg,PUBLIC_DOMAIN_VERIFIED,VERIFY: bridesmaid at the 1947 wedding? photo of Nov 1947 [471x661],,,
S234A,17:46.96–17:51.34,"After the wedding, it stayed her mother's. Through the coronation,","Queen Mother 1950s photo (gov/PD, verify)",HAS_FILE,S234A_main__queen-mother-1958-reception.jpg,PUBLIC_DOMAIN_VERIFIED,IMAGE NOT DOWNLOADED (upload.wikimedia.org rate-limits this environment) - run fetch_pending.py; Queensland State Archives [1927x2572],S234A_alt1__queen-mother-brisbane-1958.jpg,S234A_alt2__queen-mother-reception-1958.jpg,
S235A,17:51.34–17:53.67,"through decades of the reign, until the Queen Mother died in March two thousand two.",Queen Mother in later years rights-clear,NOT_FOUND,,NOT FOUND,Queen Mother in later years: only 1958 Queensland State Archives photos (S234A) found. Lead: Commons 'Queen Elizabeth The Queen Mother' 1990s-2002.,,,
S246A,18:40.90–18:44.20,Queen Mary's Fringe Tiara.,**[JEWEL]** Queen Mary in Fringe tiara (PD) — reveal,NOT_FOUND,,NOT FOUND,JEWEL: no PD photo of Queen Mary in the Fringe tiara confirmed. Lead: S153B/S222A candidate 'Queen Mary of Teck (8543179876)' CC BY 2.0 - check which tiara; Commons 'Queen Mary' portraits 1930s.,,,
S247A,18:44.20–18:47.82,She wore it on her wedding day in 1947.,**[JEWEL]** 1947 wedding photo (Nationaal Archief CC0) full,CROP_TO_MAKE,,VERIFY,"DERIVED: S228A main (Nationaal Archief 1947, 902-4695) - full frame; JEWEL: check tiara visible. Cut after the source file is downloaded; different crop for each shot per brief rule.",,,
S248B,18:50.64–18:53.46,"It became hers in two thousand two, more than fifty-four years later.",**[JEWEL]** 1947 crop,CROP_TO_MAKE,,VERIFY,DERIVED: S228A / S229A (Nationaal Archief 1947) - crop on the tiara. Cut after the source file is downloaded; different crop for each shot per brief rule.,,,
S249B,18:56.86–19:00.26,"As far as the record shows, she wore no other jewel on this list before it was hers.",Elizabeth II later photo rights-clear,HAS_FILE,S249B_main__obama-royal-family-2011.jpg,PUBLIC_DOMAIN_VERIFIED,IMAGE NOT DOWNLOADED (upload.wikimedia.org rate-limits this environment) - run fetch_pending.py; White House 25 May 2011; low res 650x433 - JEWEL none required; find larger [650x433],,,
S250A,19:00.26–19:03.16,The tiara in her wedding photographs was not hers. It was her mother's.,**[JEWEL]** 1947 wedding photo slow push,HAS_FILE,S250A_main__wedding-portrait-1947.jpg,PUBLIC_DOMAIN_VERIFIED,IMAGE NOT DOWNLOADED (upload.wikimedia.org rate-limits this environment) - run fetch_pending.py; VERIFY RIGHTS: Commons says PD but wedding portrait photographer unknown - check before use [2335x2998],,,
S255B,19:25.86–19:29.48,"Seen this way, a queen's collection looks less like a treasure than a chain of hands.",five first-wearer portraits fade,CROP_TO_MAKE,,VERIFY,"DERIVED: same five-portrait composite as S127B, faded. Cut after the source file is downloaded; different crop for each shot per brief rule.",,,
S256A,19:29.48–19:33.38,"On the day she married, she wore something borrowed.",**[JEWEL]** 1947 wedding image soft focus,CROP_TO_MAKE,,VERIFY,"DERIVED: S229A main (Nationaal Archief 1947, 902-4694 crop) - soft focus. Cut after the source file is downloaded; different crop for each shot per brief rule.",,,
